行ID,ID,出現形,正規形,正規形_flag
0,fe55650df39660acbe398b99908725d6,副作用,-1,C
1,17eced89ff5b50b688b319d6c59016c3,合併症,-1,B
2,b41877e5d586b1b557850fd91ad9fe5e,糖尿病,糖尿病,S
3,49aec2159aee4caa79922620af8dd5ef,再発,-1,C
4,4a5301964900637efac1f17211ac59a2,癌,癌,S
5,b9c56cc645e5d86fd894f396bd5b8618,高血圧,高血圧症,B
6,2fb92977db756ffdc1fb39528bc3e914,痛み,疼痛,A
7,4324a7a86ca5a980bbcdcf9e2dc84d40,腫よう,-1,C
8,d6924ed9caa8e3cabeb4be76329ef49f,心不全,心不全,S
9,e8182c777682bf79703b1bb1d645bb5e,感染症,-1,B
10,9139b0afb9659a3d9844600f05752964,出血,出血,S
11,cf46a0e39ef1cfdfa0bcbe031dc2ee3a,腫瘍,腫瘍,S
12,55cc77a8bbe6d5cc8fd3dddd2d2a2026,感染,-1,C
13,c7332fe2bdac19e1827d166487568d52,とう痛,疼痛,C
14,f159aa52142bb7cd8d8892b185d2df5f,脳梗塞,脳梗塞,S
15,fb093bf93fb9643ebc23de66fea048c6,炎症,-1,B
16,d76afb2069dbb6e7bca41a074aaf66f4,障害,-1,C
17,3f6d5e353a705cf1ca9c782246cddd62,肺癌,肺癌,S
18,41c9ce71cf2ca2a4990f09472370c3f0,２型糖尿病,２型糖尿病,S
19,7170bd6bf3b55fe8e4e68030b4ecc3b5,疼痛,疼痛,S
20,f14ce6c29f47b4d0e6201596ceac8c25,骨折,骨折,S
21,d7f5001c421e81edc832b458372db051,乳癌,乳癌,S
22,452e73e41e6a1256585fe4c30ece9a7e,発熱,発熱,S
23,b4aad70e4b3c8facdaca1dddc6da52c6,Ｉ,[ERR],C
24,0a2cdd33f49c6fd894ef543718ee495d,胃癌,胃癌,S
25,150c5a382f41bac39e5e97c18bd5920a,病変,-1,C
26,83e098c49e681bd8dc9a7c54f1bb1978,肥満,肥満症,A
27,80165378ca36c3a98e54af0f4099d39d,肝硬変,肝硬変症,B
28,fe41ea81f34a80963e20c9f90e8543a6,転移,転移性腫瘍,B
29,0f1cb05516be4205f897ac073b3dd204,肺炎,肺炎,S
30,cccaaf177f9bd9a212e8e2c1c5e65c19,貧血,貧血,S
31,35147056a235e951db693abc69ff4db5,肝細胞癌,肝細胞癌,S
32,7240d5c573ce5d481b78c3597655776a,意識障害,意識障害,S
33,4c723dfb89e0c9c975b005d5f7874f66,腫りゅう,腫瘤,C
34,9fc8cfb1d3a0ccd84807a39efb382570,呼吸困難,呼吸困難,S
35,776931bb513b13400e2965286fd3798b,統合失調症,統合失調症,S
36,5eb7bb5ba4960337e0477f5c196ca15d,浸潤,-1,C
37,ee30f070a71b2eecd243f1f782898020,不整脈,不整脈,S
38,e1595234a7d0c08faef50e85ea1bc7b5,有害事象,-1,B
39,ed67e167965d09ee5b1571f601126a9c,虚血性心疾患,虚血性心疾患,S
40,afd104e873d199f64f28ed5eaf93ea15,脳血管障害,脳血管障害,S
41,d8b1b482e80ff9932e9647999094de08,発作,-1,B
42,c7609fcde2b3105292437754b5598aea,認知症,認知症,S
43,95e53fc424f589f427b6bfc85fa44ba6,ぜん息,気管支喘息,C
44,a000ac947565a26f5c25e0369fe4dc28,損傷,損傷,S
45,9d8cdb0c0c489314fbfdc3ddd773eb36,リンパ節転移,リンパ節転移,S
46,80fc3fb34b58c462cb96bbe95be0d6f7,脳卒中,脳卒中,S
47,1f04491d8c0d26bc845323f43b391aa7,狭窄,-1,B
48,16bd2ff708fd6446e85cdbcb53292043,心筋梗塞,心筋梗塞,S
49,39667c4ad9f0b141c8f54d3620995a6b,頭痛,頭痛,S
50,ef0fb8f778118bd6ed9300732d2bf93f,動脈硬化,動脈硬化症,B
51,f4e50b1814505ad499ba8b91c109ce95,腎不全,腎不全,S
52,1637197ce54cc64e6e62416e37be71c6,大腸癌,大腸癌,S
53,4ed4ca5db5fa8fa413ad1bfa57e43059,不安,不安障害,B
54,941e992fbea72c1d44ce882d82ec23cb,関節リウマチ（ＲＡ）,関節リウマチ,C
55,23f7b86b0674a7d9cd55d9566be5ff09,急性心筋梗塞,急性心筋梗塞,S
56,2ab54a84598b5d712ee1c891a172f798,がん,癌,C
57,06c83a60fc1b1b1f04a262b35a4072c0,気管支ぜん息,気管支喘息,C
58,426898d9c7b9eb98e194fbd558288b86,外傷,外傷,S
59,622b6431ad8f976d4cb3af2f4c19069e,皮疹,発疹,A
60,6f2d8e1eb1e256d54e3ca795ec220bc0,♪,[ERR],C
61,2c8269b9be63ef9bcee5ec9fb204e2fc,前立腺癌,前立腺癌,S
62,18b79be5cc584e5ec3c41920b2e9550d,心房細動,心房細動,S
63,65446d5d3cfd912414dcb5f43ac2a19b,浮腫,浮腫,S
64,ddf55fd94b541a11d25f9874332a5e21,リンパ節,-1,C
65,167d15b1e3be5b555bf0790a949e1674,関節リウマチ,関節リウマチ,S
66,9f88edb395d62d689c4041ed51e6c08a,てんかん,てんかん,S
67,6e06e70ca8d48e0cc509089bcdfcd7b0,高脂血症,高脂血症,S
68,5f99a6d3a2d3a22f5cf8a13eee0bbcd5,腹痛,腹痛症,B
69,3286d31d8d37b9136b31aab8eb1f23df,腰痛,腰腹痛;腰痛症,B
70,9b10adafb81d132ab1e5b53925851456,悪性リンパ腫,悪性リンパ腫,S
71,53f4807714c62e21112d9df2ff5c35bf,骨粗しょう症,骨粗鬆症,B
72,95e24b077150d2c886a837d2bb29248f,変異,-1,C
73,9d8c217263825d4c51680299dfb86bef,閉塞,-1,B
74,8fb0498f1128f42745985fe12765eb6c,高血圧症,高血圧症,S
75,9131e561e8fa73dd9c4a014d8a1a61a0,結核,結核,S
76,f0532cb200b77968ca1a9d8ab0a95d32,腫瘤,腫瘤,S
77,22b50c0d441b8d280afba2db4321c58d,腫脹,-1,B
78,637d04eb0c85def9708564671def23be,慢性腎不全,慢性腎不全,S
79,ff800e49b0bbe6bf386b35459996ea20,転倒,[ERR],C
80,6ed435965893e368f7ce9ac89d68f6cc,精神分裂病,統合失調症,B
81,0620bfb38e25b5e6981e52964efd27ff,うつ病,うつ病,S
82,fa8b0b2187e2cb592c29c6c00a0e6d86,アトピー性皮膚炎,アトピー性皮膚炎,S
83,63d1a8cb97cf0050c227d27e95a1bd10,敗血症,敗血症,S
84,5a400121216d19ca2fb2c1a4f6b143af,パーキンソン病,パーキンソン病,S
85,3bee27b0925c474414ee1c7121b23486,痴呆,認知症,B
86,4c76a6fd7cb6595d3ca1081942793988,ＣＯＰＤ,慢性閉塞性肺疾患,B
87,5d432c4eb3b3707f4f0d9ad29c471c36,精神症状,-1,B
88,f84ac64145871a5054bbb6ddf7fb0524,下痢,下痢症,B
89,6a2a39472e9b776193be034e84b4f707,標記疾患,[ERR],C
90,2ae5850fa386ed741c6ea6752bb3eb0f,食道癌,食道癌,S
91,4cea4f02f2de95a28640831f78932b41,悪性腫よう,悪性腫瘍,C
92,e65de711f813f279f895aaa812e0e0cb,冠動脈疾患,冠動脈疾患,S
93,0a1a64c720660f55a4d83efec4082ca6,呼吸不全,呼吸不全,S
94,1f04add2c41d66855d8de504cdde459c,肝癌,肝癌,S
95,1d507f04601faa577ff6203d579227d8,低血糖,低血糖,S
96,d5453c788f2833fc2306d4a798b97aa3,血栓,血栓塞栓症,B
97,cb403ec97873ac0cab77cfe53af119dd,悪性腫瘍,悪性腫瘍,S
98,2f444dc72855fa264176c11961b8405d,骨粗鬆症,骨粗鬆症,S
99,116a736879f818ef2c41e2559f7b0b24,胸痛,胸痛,S
100,3c6b961969891b07fea07eb58d99a8e0,変形,-1,C
101,54ae6679a106a5e2fc6922009fc6530f,ＭＲＩ,[ERR],C
102,590ac4acdfe33d5ffdb8770fe30815bb,糖尿病性腎症,糖尿病性腎症,S
103,10b3eda9152c259d15e22d5ee904b955,腎障害,腎障害,S
104,623e3d5bd2e26407aebce1da8e8f8582,腺癌,癌,A
105,f470923baa65f5e4d23bdc353e8d0da6,喘息,気管支喘息,A
106,a6b15cbfba4e52527a52f75a32489870,基礎疾患,-1,B
107,35fedc0bcad598dff7f73dbc80e40c25,透析,[ERR],C
108,3b1d423ef179a01a95e74a1a579ee37d,慢性心不全,慢性心不全,S
109,6f415062d9657c01943e027f0a66f10b,腎機能障害,腎機能低下,A
110,bc205093f0a982f46704135f7f34c0d0,狭心症,狭心症,S
111,8707b0931136720ad7af61f296a2c61d,神経症状,-1,B
112,5a23cc8dbdf469cd894aef1e751a6fc1,肥厚,-1,B
113,eab654da5af197ff58be2a125616f507,Ｃ型慢性肝炎,Ｃ型慢性肝炎,S
114,62a4c9c96fa2f77978c97ea3e4b657a9,心疾患,心疾患,S
115,08ad7b16a80870b59653791478f1ecfb,白血病,白血病,S
116,1aab2c2e9006efed43bf1eb2eea0694e,機能障害,-1,C
117,18843fd9b03de2a50d04a7f0b0d745da,１型糖尿病,１型糖尿病,S
118,97d22d31dbdaf3d8726852734c4274ee,ＳＬＥ,全身性エリテマトーデス,B
119,93057c881ae5c8eee814805549afd48e,原発巣,-1,B
120,0999ce2a29efe3cd68d32448ad817e0b,拡張,-1,C
121,f4050ac7d0138d6a98d4219cdd95a574,ＲＡ,関節リウマチ,B
122,6759cfd5ff11c9af6d7508309dc3d135,Ａ,[ERR],C
123,021df97103939d490dcd9b0115c7a54f,ＤＩＣ,播種性血管内凝固,C
124,215d2b12a6e697acfef8fc9859e54238,ショック,ショック,S
125,f5263fd6f777659320bab5b86a4d804e,歯周病,歯周症,A
126,39a62ec5500de82b864a73c2d05b4088,めまい,めまい,S
127,ebd554cada2c1f9fa3fb7d004af39a44,肝障害,肝障害,S
128,1c3edbbd0d4dc1e611271a3d5fa11db9,癒着,-1,B
129,01efa9bf1651a96865ba3a5dc3ed250a,骨癒合,-1,B
130,c504a54deffe9d3f41c890b248c1d714,慢性関節リウマチ,関節リウマチ,A
131,f6874308e438335872530d04d431c99c,進行癌,癌,A
132,8634077c20171679b095d525e02ac918,ＱＯＬ,[ERR],C
133,2d492ab77b9f035fa4e763da386e3bf3,高血糖,高血糖症,A
134,d09eeff414e5db6cb436430d5544dc81,壊死,壊死,S
135,22bc8753d40053f5ca90f13f1984edda,くも膜下出血,くも膜下出血,S
136,c93a53ace258af64282192de163828be,ストレス,-1,B
137,f251458d27fcba15ec9aba7765885f8c,精神疾患,精神病,A
138,623c4fc4a2862856b39a068f9bb80c77,便秘,便秘症,B
139,eb7e5557bf6bf8b3850167f2e65c3a55,慢性閉塞性肺疾患（ＣＯＰＤ）,慢性閉塞性肺疾患,C
140,428016a90c94201e6f30fe68febaf0d7,Ｃ型肝炎,Ｃ型肝炎,S
141,483eb5f14e725914022218b1f96bdbee,遠隔転移,-1,B
142,4cadd87949241b7107fae7a64ed45f34,腹水,腹水症,A
143,6c51c7d6ce2d0035192577ad50d06598,欠損,-1,B
144,bd8de14ac6b6725bac556ab44f057479,ウイルス,[ERR],C
145,350257cdbb703f0af9a27743ed16e2a4,萎縮,-1,B
146,623980901d3cd9b792d12cf4bef60fe4,異常,-1,C
147,12f12e3e9bc61344c74e270903aa5990,本態性高血圧症,本態性高血圧症,S
148,2ff0dce574e83fb4527ad2794435c4b0,間質性肺炎,間質性肺炎,S
149,a9d19960d5bd0fda87febbe07321477d,石灰化,-1,B
150,76929ed8d4bf8ff1a25f402a7a17a211,生活習慣病,-1,B
151,884b14d16b4bc4de730b9c34cc57c758,再燃,-1,C
152,ceb7284f6734458f24d5eee4146603fa,疾患,-1,C
153,a23babe1562f5229b777007555a91fae,局所再発,-1,B
154,0da55c361c34552d3a0982727f47ce5a,せん妄,せん妄,S
155,f199303d24da8db9e2c8a43009d0a7db,脳出血,脳出血,S
156,845b05efc51bcca9d6ee8dd2b0c528e8,熱傷,熱傷,S
157,8d910b7451686fe59523686525dc3c69,血腫,血腫,S
158,1d45b59f90be863b415f314b445dd463,卵巣癌,卵巣癌,S
159,211ead38df29168bcb517f7c851ddabf,嚢胞,-1,B
160,2e17c6aae92672418f8f94155d7f972a,異常所見,-1,B
161,beb0cd068ee86398cdd3921fcb86d19e,結石,-1,B
162,45cc4ac970bdf0c8c77e0d7dd0fca637,肝機能障害,肝機能障害,S
163,a5406c12f52a8fad9a7a6cf0ef84afc8,慢性関節リウマチ（ＲＡ）,慢性関節リウマチ,C
164,3a5d9fb6bf81dbca6115180ff105239c,緑内障,緑内障,S
165,93e3190f82e3976cb16d110a12da8bc2,へん平上皮癌,癌,C
166,b0c2af63baaed21615e5e1c01fc8ce0b,虚血,-1,B
167,5d4ceb41215a10389a6ad19f40189b59,ＨＩＶ,[ERR],C
168,b5acddfcb38f7b164e176ee07e884c15,線維化,-1,B
169,8cc7624526fa9ccb55384d9f329664da,低酸素血症,低酸素血症,S
170,950554a08db52e18012527bd26dd7661,骨転移,骨転移癌,B
171,0a342f31a225ef91440bd15449cd344e,圧痛,圧痛,S
172,76140444a6d95a52ba85af5fbdd0526b,クローン病,クローン病,S
173,99599fa11e3b7de42b16c75e52fb32f7,不眠,不眠症,B
174,8de9048ec1e779d5330f7a2dc53a103b,腎機能低下,腎機能低下,S
175,2d23d9560f49c9f90750a5556b7b0682,自己免疫疾患,免疫疾患,B
176,dfb9eb197553de9afd826c5b388ec140,睡眠障害,睡眠障害,S
177,db0bf9739e98be5e84c9eb8e410babf0,交通事故,[ERR],C
178,42eb9015e42545b9b6afe0b4ce448720,自覚症状,-1,B
179,44cbb43f09f994f6ccf7235e6942fc68,本態性高血圧,本態性高血圧症,B
180,720c93a71adcbb3d818ee8c24c0ff0d4,血圧低下,低血圧症,B
181,99b3db43163a8496007ace6e1708e952,ＡＤ,-1,B
182,1c8663af8fddc776c6d9ee6471e4b882,アポトーシス,[ERR],C
183,755e059a176deb050a48a115551943df,遺伝子変異,-1,B
184,5f175cff5eaf4c94e1a369e8c19ea49f,圧迫,-1,B
185,6ca88c56379d9114ad5634c8cfac4d7c,穿孔,-1,C
186,3607db1acdc85dd5895fa51ac69019b2,標記,[ERR],C
187,22ee8a080af75a34fe110d9230829a9e,潰よう,-1,C
188,5d5a4d086aeeea9378b0d539303de8c1,欝病,うつ病,C
189,c933f145ed7f3ea96867f86f96f58ac7,遺伝子異常,-1,B
190,29a5b2a12299daaaae8386f138d52afc,アレルギー,アレルギー,S
191,9662a0987d673c16d9aa5e41708fee77,筋力低下,筋力低下,S
192,2c41318e6b92747340a48648a92daa38,肺結核,肺結核,S
193,9ad8db74b95e6aa78362ee273437368a,直腸癌,直腸癌,S
194,c0c00dfdb7d8339f936d5d548ba879b1,慢性腎臓病（ＣＫＤ）,慢性腎臓病,C
195,2fab8a112cd43d63d1b6b36e6b4ae6aa,麻ひ,-1,C
196,a576fc8533d438d23c1396c339170744,リンパ球,[ERR],C
197,3d7b2450b430e5db03bd1a06bd1213e0,ＡＩＤＳ,ＡＩＤＳ,S
198,67827dd528290211f5d3bb45838613db,肝転移,転移性肝腫瘍,A
199,404e7c12713c38d9c6ae796c33e70148,すい癌,膵癌,C
200,f2bf90dcea46755e1feec9e309a4d6bc,慢性肝炎,慢性肝炎,S
201,477174dcfb9589848d5f299017fea6a3,気管支喘息,気管支喘息,S
202,dc466e8b2f80f0aef7310296741ef8ea,腫大,-1,B
203,cc773eea4ebb2fa306e18fd8be4024c0,片頭痛,片頭痛,S
204,dc627e7da699f5ac43316eea94dcaffb,ＭＲＳＡ,[ERR],C
205,e954b6f336c5c12402dec8aa24f23dd5,難聴,難聴,S
206,07908bb6e1bed07fb6eb69ce50084949,腫よう細胞,-1,C
207,5530eb1d41f7e31f488779623b05381e,神経障害,-1,B
208,136d00f7a5b80302dfafd109e839b507,心血管疾患,-1,B
209,4010bbcfbd236843162ce197ae29d056,ＣＫＤ,慢性腎臓病,B
210,ee80da60ee651dadcc7cbaa75af021a2,活性化,[ERR],C
211,67e41be53917d99a3ddb9c4eaf9b6447,早期癌,癌,A
212,88ae972852fb89f4b730ca2e3bc65347,白内障,白内障,S
213,8e971906c1ce2c31eaf26b4d80e2ff3a,突然死,突然死,S
214,e815ebe6e93ade52a5c9ce3515a98bcf,受傷,外傷,B
215,88f7d6564c22aba5abe590d110b7dbc4,悪性腫,[ERR],C
216,4e144d86a625f49aaeb4639e51568d8d,体重減少,体重減少,S
217,91181ae4b17ba01ad2deed96b9e66c78,精神障害,精神障害,S
218,ea4122082b2e2b206371b24a347baeeb,高コレステロール血症,高コレステロール血症,S
219,744f3fee3bcabc31539c4791b4733df2,慢性疾患,-1,B
220,561c835ec8afee1f064aa43299c7fbd4,早期胃癌,早期胃癌,S
221,8db9b06c74070209fb1722f3cc7aa4b7,炎症反応,-1,B
222,87183012e1864da7d50a679f36ee5d0e,臓器障害,-1,B
223,b48b612c433f80f54c1583da29bfcf47,妊娠,妊娠,S
224,eb094dda45a71e902722e0bfd9f98798,脊髄損傷,脊髄損傷,S
225,680124018afd4c805ca8956f07faae40,インフルエンザ,インフルエンザ,S
226,d7b15491d42e663821f126d989922d3d,ＨＩＶ感染,ＨＩＶ感染,S
227,90a6abb48ecf0cf8c005788c069120c7,ＡＬＳ,球麻痺,B
228,13f6ea93332ec48a7f5d88bef0b42ef8,乳がん,乳癌,B
229,4d151f6276a63cef153fccf880a45bd6,自己抗体,-1,B
230,6e5bb72ca86528f64b3f7eb91dbd4323,染色体異常,染色体異常,S
231,0e482adf0fc9a3c088e641a7d11769dd,イレウス,イレウス,S
232,3755bb4c8d1acce8405432d293993025,ネフローゼ症候群,ネフローゼ症候群,S
233,e5036aebcd58ac628f285ca7e1b8d18e,顎関節症,顎関節症,S
234,2e9d3a9311a9f7b77a46895278760baa,皮膚症状,-1,B
235,1df1f6bf9c1fccacb4770301b29c8830,結節,-1,B
236,e09cc49dfbb6ed3a3c37df6b50830774,けいれん,痙攣,A
237,6991833efda40c15822381e08253f70b,肝疾患,肝疾患,S
238,576c537049603511b24eb5fbd6c6dbd8,メタボリックシンドローム,メタボリックシンドローム,S
239,f0fc384b8af7260108892631827c422d,尿失禁,尿失禁症,B
240,40434f3f9413952885ddc4f7b1db59be,後遺症,-1,B
241,510d4d1a704367c933bb474609705de8,耐性菌,[ERR],C
242,4af58f243ba173b46eef12cc588f0884,故障,[ERR],C
243,d7d177a9e5b170aeb7782a10ce68b58f,急性腎不全,急性腎不全,S
244,6887cf37d9c763207ff8eddc46c8d061,紅斑,紅斑症,B
245,9ea7ed0490750787103e416ed9127021,大腿骨頚部骨折,大腿骨頚部骨折,S
246,ba04fd6fc44a5ac18944ff5b87d2aa6a,多発性骨髄腫,多発性骨髄腫,S
247,f292454e226835ec87ae5155f3c1874c,蛋白尿,蛋白尿,S
248,65b318dbdd07c1ca0b2fa9c5484437d0,肝炎,肝炎,S
249,e6abae5b136394082f43019e40dd8bb1,心停止,心停止,S
250,819236d676aa155fdaca52c8915836d0,血栓症,血栓塞栓症,B
251,d922edaaf4ac71dab9d106058529236c,排尿障害,排尿障害,S
252,e0c22f8bad2eeddb2b971ad71ac19ca3,アルツハイマー病,アルツハイマー病,S
253,1bfdcce665e332bc2e4ff3d4ed2b3700,心筋虚血,心筋虚血,S
254,0a8826f0d0d8266a4be093a3d7f9db8c,ＩＩ,[ERR],C
255,662491461f62b8612e41c7c0cdcd8be0,褥瘡,褥瘡,S
256,6b6b781fef5a1ea293b587753d8551a7,肺がん,肺癌,A
257,d9d6c526205b5f12d2f3c1ff5f5b7414,リンパ腫,リンパ腫,S
258,01c59722a1dd30b52cfbfebd86786c10,動脈硬化性疾患,動脈硬化症,A
259,2e35428e18b1739fc4358df701ee1fd0,ＣＴ,[ERR],C
260,b1a196dbe3357d246cbce5666af20d06,発赤,発赤,S
261,8b50904b3504b3567df5194f82c84594,関節炎,関節炎,S
262,c8ecacd4861ae30ea21ceaf00e65b405,炎症所見,-1,B
263,adefa85a79ef6ea460fc40eb72c3f1f5,心血管イベント,-1,C
264,1c09caf11a2c9ba20049aaa6528f13e6,拡張型心筋症,特発性拡張型心筋症;拡張相肥大型心筋症,B
265,d71df706b5357067eb2a7dfb01dbdc0e,こう原病,膠原病,C
266,84e74d3539c671e0845605889a907d8b,アレルギー性鼻炎,アレルギー性鼻炎,S
267,99fd6c49d2117892c59d33c4f6016317,リウマチ,関節リウマチ,B
268,5edc7adeb84778d9c7fed769a7c01a48,呼吸器疾患,-1,B
269,c6944e483ec653b4161e2da0bdb01453,子宮頚癌,子宮頚癌,S
270,d2b6449524b7476ac9c0c39e0fcbd1b4,子宮体癌,子宮体癌,S
271,9bdc8999bc299c819168aae9e6d37750,脂質異常症,脂質異常症,S
272,e59e56c7a12a5b7b0dc3afe690a3be30,筋萎縮性側索硬化症（ＡＬＳ）,筋萎縮性側索硬化症,C
273,a56eef9365fd44e4c78d2801d0475d23,違和感,-1,C
274,ab96497f27b5454cf2129c17df5a53e8,高尿酸血症,高尿酸血症,S
275,9da16484d30977c7c1dc951f2fda962e,転移巣,転移性腫瘍,B
276,4eb171a7d0e53e23ae6d30b32a32f1eb,全身性エリテマトーデス（ＳＬＥ）,全身性エリテマトーデス,C
277,ba50e49066f08522aede275fafe9af74,抗体,-1,C
278,33248ac1c626461e4d90e198f84c4137,潰よう性大腸炎,潰瘍性大腸炎,C
279,dc2bf1bc329c5e2706b9c3f2c68d226e,脱水,脱水症,A
280,d80cfdd793f182d94039c1e543a7c97f,しびれ,しびれ感,A
281,8880202883b223b5fb866aa031e4c4aa,肝不全,肝不全,S
282,f429c5ceb4d229e97ac54f2e46bc8bf2,急性増悪,-1,B
283,362e1f8593c389157b34a7dca382579e,再狭窄,-1,B
284,aa28c4f82c55a4c5c205a0d04e57e97a,尿路感染症,尿路感染症,S
285,a4201552e0478391a99d8030ac90c127,摂食障害,摂食障害,S
286,f4384d02ea1f7b3837c3031462a1f935,潰瘍,-1,B
287,0470f10804c50674e45b2aca1f4c5daa,細菌,-1,C
288,92f0eff11b4b4194c7579404800114e3,咳,咳,S
289,3111d7290768fe61742d407d8e4de9b1,花粉症,花粉症,S
290,0a5e0458b7d33d6a6d23e1e48d72bd2e,嚥下障害,嚥下障害,S
291,6f2137e87a326ea8366c52a0609cec24,急性冠症候群,急性冠症候群,S
292,cbc90f71442306df44449f698cbe5ea2,胸水,胸水貯留,B
293,4fcca9e2ccb7ccf622b72bdc8d15a23c,川崎病,川崎病,S
294,033aa15453ed2066d8025883126a7ac9,剖検,[ERR],C
295,24ff3033cf7c826505474f4298ce2129,消化器症状,-1,B
296,61acf12c1fca0cf05cc459fbb9a2bf5f,片麻ひ,片麻痺,C
297,4bdd67b9b04f781612185a4720415de0,多臓器不全,多臓器不全,S
298,d01468ae7703b7551f42cd2b50d6c535,末期腎不全,末期腎不全,S
299,1780572ac602110eec8c9fc91aaf0b4e,サイトカイン,-1,C
300,7cee06e176dea06f2e967ff8560db622,腺腫,-1,B
301,7e7062ff26cf9b1ca35b2f774f17ef04,Ｐａｒｋｉｎｓｏｎ病,一側性パーキンソン症候群;家族性パーキンソン病;家族性パーキンソン病Ｙａｈｒ１;家族性パーキンソン病Ｙａｈｒ２;家族性パーキンソン病Ｙａｈｒ３;家族性パーキンソン病Ｙａｈｒ４;家族性パーキンソン病Ｙａｈｒ５;若年性パーキンソン症候群;若年性パーキンソン病;若年性パーキンソン病Ｙａｈｒ３;若年性パーキンソン病Ｙａｈｒ４;若年性パーキンソン病Ｙａｈｒ５;パーキンソン症候群;パーキンソン病;パーキンソン病Ｙａｈｒ１;パーキンソン病Ｙａｈｒ２;パーキンソン病Ｙａｈｒ３;パーキンソン病Ｙａｈｒ４;パーキンソン病Ｙａｈｒ５;パーキンソン病の認知症,C
302,18f4bb71f605cef5ec2ab654e3bd7782,子宮内膜症,子宮内膜症,S
303,329e6d632725e10da911e417a0597ed8,前立腺肥大症,前立腺肥大症,S
304,838e8de0fe6a398450be659412258ce8,嘔吐,嘔吐症,A
305,dab83d27a8a5bba5f20197101ceeafac,バセドウ病,バセドウ病,S
306,0c9aaad94ea20e013690b9eb321b95d8,頭部外傷,頭部外傷,S
307,b0ddef46404f6663d5b38c7cf94fc3a6,肺高血圧症,肺高血圧症,S
308,1478fcc0f20bec5515c9f27d7ff214c4,急性心不全,急性心不全,S
309,d0ce8e298472fdd21cd2c75be6643d13,動揺,-1,B
310,ed57b467b1674e4a48de5652f3a20caf,腎疾患,腎疾患,S
311,a2104d9ac1ebf5f4c1ef1c32e20c0c43,寝たきり,-1,C
312,e613fe25e73507e0e11bd92c91a793dd,脱臼,脱臼,S
313,73fc6470ca1c21f01c0a77841cbb5227,異物,-1,C
314,5699e3afaf2a30986616fc4ea125845f,循環器疾患,-1,B
315,783edff5ec0a8324dc0f2101e3b2ca0d,腎症,２型糖尿病・腎合併症あり;２型糖尿病性腎硬化症;２型糖尿病性腎症;２型糖尿病性腎症第１期;２型糖尿病性腎症第２期;２型糖尿病性腎症第３期;２型糖尿病性腎症第３期Ａ;２型糖尿病性腎症第３期Ｂ;２型糖尿病性腎症第４期;２型糖尿病性腎症第５期;２型糖尿病性腎不全,B
316,67baf75c345cdc43ca4f47b2bf1d29fb,出血傾向,出血傾向,S
317,e4c530d08d494be48da305cbc5f7eb6d,陰影,-1,C
318,b6e363e54872e3e244102eca1c944f53,急性骨髄性白血病,急性骨髄性白血病,S
319,dfedc9a0d7420a65e5ae12e9fe510e96,子宮筋腫,子宮筋腫,S
320,88572775316a560d90733135f64be098,皮膚病変,-1,B
321,e739797d20662032775fb23c6a86f9fe,スモン,スモン,S
322,96102e93813076fa005c1d9bd67195c3,喫煙,-1,C
323,55f0cfcccfbb5a08ddf5b7e553d5099d,肺転移,転移性肺腫瘍,A
324,fff3d84f4111a80b6f22da50cd17b9bd,網膜症,網膜症,S
325,2442ebddabe0226b029b6e77c048902c,癌細胞,癌,B
326,b46d7fcc6e1b378be4da2de9bd4198a8,歩行障害,歩行障害,S
327,8e6f0601119a359f02220b365ca79433,結核菌,[ERR],C
328,91de746c8c1ff1ed2d412cb2da729b44,胆嚢癌,胆のう癌,B
329,d44a8b481ab221f1d73b8909faa8055a,Ｂ型慢性肝炎,Ｂ型慢性肝炎,S
330,9bf61596f4153b01569443ffeb8d23eb,サルコイドーシス,サルコイドーシス,S
331,e774fd607e0d8beb2506aa50b959b6e1,誤嚥性肺炎,誤嚥性肺炎,S
332,93a68ca63801d7e70e71b10856560baf,血圧上昇,-1,C
333,f26bf6941397e9fa74455ef5d3d058d3,エイズ,後天性免疫不全症候群,S
334,a95612a34614fcf9bfc7f1ae00dab33d,病気,-1,B
335,a1d73b572e28741555fffcd89c2fb20c,分裂病,統合失調症,B
336,3c5c9eb738ff594aea920df95712a425,食物アレルギー,食物アレルギー,S
337,4f80043e43b5457a274e318311052209,急性白血病,急性白血病,S
338,1e3b80fed8f7af6b940e4aad7f9876dd,ＨＩＶ感染症,ＨＩＶ感染症,S
339,b33cf456a3e76b7203e1ad59c2569b16,酸化ストレス,-1,C
340,4beabd98b990a0b82592a1913025184c,消化管出血,消化管出血,S
341,56639a3ad1426feca7b8d1be52ad4513,アレルギー疾患,アレルギー,B
342,b3d4713201705a06bcf71431bcb6cebf,先天性心疾患,先天性心疾患,S
343,cdea437b03249a80f8f32c429d1fc7cc,ショック状態,ショック,A
344,511046ca569171fb126fad34fa860b29,炎症性腸疾患,炎症性腸疾患,S
345,77435ba6033ed87fd9b76ab516a69518,細菌感染,細菌感染症,B
346,e5de76ad5ac4ed041564cf4b3b07eaa0,悪性疾患,-1,B
347,44f3468eb98bfa7f325dc91309d58303,ＨＣＶ,[ERR],C
348,0a55618e0cc63fb76557225c5f3b82c4,麻痺,-1,B
349,b7c5c095784d882b0d374f6149030e5b,破壊,-1,C
350,e59966cc9e12be7b80d95c36c346e8cc,筋ジストロフィー,筋ジストロフィー,S
351,c23de8a4f1eb197b3476b068b020f776,動脈りゅう,動脈瘤,C
352,2433d31f609cc12fec2d05ae39a8f253,血尿,血尿,S
353,ebb0efb3b4561c99b18e92f927fa3230,視力低下,視力低下,S
354,7347ed70fa7966a26b3166eafa324c98,骨吸収,-1,B
355,b3478d7859ac19c4e9e319eefcfb6944,糖尿病網膜症,糖尿病網膜症,S
356,f99f267d1f4b086005b19c8eee3bcec8,Ｂ型肝炎,Ｂ型肝炎,S
357,703ea69b27ecbe6f2418b55f49c9c035,非小細胞肺癌,非小細胞肺癌,S
358,8f68decefc81c72dba8fb69e50b73d94,眠気,非器質性過眠症,A
359,ddf314265448674fce1b3a194083ab80,全身性エリテマトーデス,全身性エリテマトーデス,S
360,c0af2a73de2ec82ea54ef67ebda63898,集積,-1,C
361,12251446c84fedfd49354f3d0c110ffc,食欲不振,食欲不振,S
362,fcc941dd01c8fa521826aada825a8c37,再出血,出血,A
363,e92f6f0452ec9977b46cef38c81c08c1,慢性すい炎,慢性膵炎,C
364,47a1e42c5fe58019c21ad4700873c269,血小板減少,血小板減少症,B
365,ca3b4df03f26078d212339215c213126,アルコール依存症,アルコール依存症,S
366,01c56b67c05925123647aa7c8acd9fe1,破裂,-1,C
367,8eecc146fd7ee027e5985c9d16a8e9a0,えん下障害,嚥下障害,B
368,91579352ded49aef297380b4df7734d9,じょくそう,褥瘡,C
369,6e110c47ccc578577c8f925ecc6286bc,呼吸器感染症,-1,A
370,641fd97713d2e9cc8107506da8a7ce9d,発疹,発疹,S
371,d00951f77caf2a8ba7cc0525636691bf,血管新生,-1,B
372,92db0d69ad474643b5244caf4910615b,大量出血,多量出血,A
373,ad07782ce7d3e1eabe3a992b1243c44f,血友病,血友病,S
374,ff88426029d4969629a7b363b836a396,動脈硬化症,動脈硬化症,S
375,9bb52bb186e92196aea7e68d19bcb743,しゅよう,腫瘍,C
376,d6ae6b0cff911a180a06c8d8b539e96d,逆流性食道炎,逆流性食道炎,S
377,a8667e438bba71547d90b8d5e8cbaffc,おう吐,嘔吐症,C
378,61ad43b3b7b4697fc21f36a53d800f06,息切れ,息切れ,S
379,a58e4942d1475cf6fd49912f01522aaa,肺気腫,肺気腫,S
380,f0b009b6d4ec930e6e419f7e2e810123,手術,[ERR],C
381,9b477cbb8c2b735c2afeb4f3b9c1796d,肥満症,肥満症,S
382,4329fab37187ab4fce2e5d576c48305e,炎症性疾患,-1,B
383,ff2cef70594acb4a587a3bd360d93952,低血圧,低血圧症,B
384,abbcfa8142a6a35fa98e41f53090a999,偶発症,-1,B
385,f98cace939bc27c53b552fa2b25ed672,悪性黒色腫,悪性黒色腫,S
386,dc4f835b888ded43095912fe8748d4c8,スギ花粉症,スギ花粉症,S
387,ae493c99d39149e3a8e1ff5d34ef1149,アトピー性皮膚炎（ＡＤ）,アトピー性皮膚炎,C
388,67aae6a449c2a27943e1ebc23841cf9d,発癌,癌,B
389,6684b765fc6481311831e0d4dd2fe9aa,腹膜炎,腹膜炎,S
390,d60ae26867152ccdb190cbe3ab967102,高次脳機能障害,高次脳機能障害,S
391,880e28b9bb8747be92a6eb0c84f81770,心肺停止,心肺停止,S
392,251a6d19c5be0985581101228b30d37c,透,[ERR],C
393,df11ea753cc6145c4122927385852629,脳腫瘍,脳腫瘍,S
394,bd95c92dd0fabac3471a60e7c14f1ec2,重症心不全,心不全,A
395,a0f2fda8bc6cdc64ae782c96dad17123,血管炎,-1,B
396,287572ae58d59707eeb85781fb4f40cf,歯周炎,歯周炎,S
397,229c684cd844aae2c68fa78c081c6582,運動障害,-1,B
398,2a3c6cfe42fcacf94caa86096c6524e3,急性腹症,急性腹症,S
399,9fffc882ddc5f21bb2f6622b02a230ab,慢性腎臓病,慢性腎臓病,S
400,a8ee988fc6146078e917b18e60ff7aa0,身体症状,-1,B
401,c94489ab77e11bdfecae57aacc492eeb,梗塞,-1,B
402,20734448f9c217e42a7d7fd0a9a2c33a,全身疾患,-1,C
403,bc78f9f7879578fb465f197de7ecb509,変形性膝関節症,変形性膝関節症,S
404,a216281ed46eaad4b169bfd06fdb3c15,急性すい炎,急性膵炎,C
405,156fe3c3c1a0358cdabfe08418ecbfcf,多発性硬化症,多発性硬化症,S
406,74ceaf24f2b709d437c3095030cca235,腎細胞癌,腎細胞癌,S
407,b62ef7910efd74caf3d54abea426b5c9,原発性肺癌,原発性肺癌,S
408,46f4462886ba1486bda2e04e2d961371,黄だん,黄疸,C
409,eb047a1b2f4272d7ef61070b8bc21654,変性,-1,C
410,fc9c547921af5929dcd096471f413e49,誤嚥,異物誤嚥,B
411,b579239744d3ac1a6d3ece25290667d6,インスリン抵抗性,-1,B
412,04c43febe0284e0f619f0ae094fc0d14,Ｔ細胞,[ERR],C
413,3c70c18243ede17f7471c382903225e6,歩行困難,歩行困難,S
414,0122a1c1bd68f7198f84685c3a7b2c4c,逆流,-1,C
415,b9b01dab0546fcccd2197d7b2b27ad5d,潰瘍性大腸炎,潰瘍性大腸炎,S
416,a34cc0067eaaee9f4b51b655113846b7,失神,失神,S
417,5ca2f3f777f2f73855ad5685e43f7a05,拘縮,-1,B
418,8c849b99047ccfcfee29e547649e21ae,自発呼吸,-1,B
419,6f44a4b801f05462de0368cf79e98d7a,う蝕,う蝕,S
420,f8814d2c2e0a80980c48f33ac8d247ff,ＡＤＬ,[ERR],C
421,990c763b014990c27aef0ec85d967883,気胸,気胸,S
422,6c4375688dd40b69da6874e0035160ef,徐脈,徐脈,S
423,9960333a46ce9991efba6a1a7a101dea,てんかん発作,てんかん,A
424,0ea64c32ff5aee41ad382186f59a9a3d,増殖,-1,C
425,b5d0dc0759b199dba07969a96ee4ec51,緊張,-1,C
426,bf061af7c3aaf1224c09956ae5282afc,アレルギー反応,アレルギー,B
427,404c2a9914d4fc47f2192d210f6862cc,心室細動,心室細動,S
428,de25227788e434b0a92cf457f575919b,ＳＴ上昇,-1,C
429,0101b63d3533bf30b4c577f6ad1e1f5c,パーキンソン病（ＰＤ）,パーキンソン病,C
430,fab074725b090848e294a6fc0fb62044,プラーク,-1,B
431,9dd41a3936869676a7263838bc653215,末梢神経障害,末梢神経障害,S
432,eee1df4bed91137cebbac73e66f64a27,髄膜炎,髄膜炎,S
433,d50de8c9e0ced3dc61400c5f2948e1ac,インプラント,[ERR],C
434,e649c53a59afee853441ad37a98adfc6,扁平上皮癌,癌,A
435,16d70c123963a76d71aba4fee27bfba4,骨欠損,-1,B
436,8d4f983753f4d755086cff28afe7dea2,甲状腺機能低下症,甲状腺機能低下症,S
437,6d7275709c995687a461d61eec583ffd,ウイルス感染,ウイルス感染症,A
438,a15ec4fff25aee7b7749f95a9864b69f,神経疾患,-1,B
439,a15ed1631e3a6b1134c9a07681227c25,栄養障害,栄養障害,S
440,4ac37a03a44e117d84285d5cca380f07,断裂,-1,C
441,524b07d61b1c490dcdf58b44e6cca84f,ＰＤ,-1,B
442,cc3e33971543e1b9bd337ce72c1f43b6,不安定狭心症,不安定狭心症,S
443,d58ac8a797e529d460f87a07b843a7a9,緑膿菌,[ERR],C
444,172f93d294e8f6854bdce3484bbea4aa,起炎菌,[ERR],C
445,182e21902b31722f134bc04b3d171627,免疫不全,免疫不全,S
446,cdf492036ca50749a69e6fd75e5f87fe,傷害,-1,C
447,ce9440aa63019d7615859340989b7c09,ＨＣＣ,肝細胞癌,B
448,52d45f63bd89e9b2e592c32183651882,閉塞性動脈硬化症,閉塞性動脈硬化症,S
449,90d8a9c9734bedf6927ca5322bd8acb4,脳浮腫,脳浮腫,S
450,ec97ede9b2f8b1d48fba23edd055aac7,胃潰よう,胃潰瘍,C
451,88693f19b74fb9ff646c2c20ccd4e8d4,市中肺炎,肺炎,A
452,f2c0984fe5968ac6016e130285cc732e,叢生,叢生,S
453,a14ea0e52435c74f2f0aef6b13ad6cb4,ポリープ,ポリープ,S
454,5d9652520c766336f2fda6af2d457a7b,全身倦怠感,全身倦怠感,S
455,bd67786a8f578dfc5f101f14885f66a4,神経症,神経症,S
456,b43a1b993308531a1d3a9e559305abba,不妊症,不妊症,S
457,e0c3177702553a63d86bd6926bcd4b80,解離,-1,B
458,ce238e6c7e21e0ecce8d9967ab75b5d4,機能低下,-1,B
459,e9b70ac08104a3b81326c1d59b79ba00,消化性潰よう,胃十二指腸潰瘍,C
460,71723543f4ca59776c5efb328495b7a8,高熱,高熱,S
461,93db56c9755cea1a23a76d8d134b8d80,膠原病,膠原病,S
462,f4c9d920b2c7d8707cb429333fdabc7b,欠陥,-1,C
463,cfb82e8acfd1bce1931a540c7d40937e,胆石,胆のう結石症,A
464,ceea66be13996cfb3cb28f70f7b60e33,劇症肝炎,劇症肝炎,S
465,2f9fbe99f60d4db86fc125c25c457f66,アルツハイマー病（ＡＤ）,アルツハイマー病,C
466,15ac5b8c6de3009fa1348ab1e9514320,骨髄抑制,骨髄機能低下,A
467,d5b5c7387f081d4cce7fed4cc76518b7,深部静脈血栓症,深部静脈血栓症,S
468,824c23d75d1ed8e9280fec96ac745ca6,不妊,不妊症,B
469,be7bb27b0c09d6677c6ea622e8a958c8,振動,-1,C
470,ddc6e6d8a34ea974b431f525266072af,血圧,[ERR],C
471,08597e47775a8c2689043de1aefa8a38,水頭症,水頭症,S
472,27576a44cb2d5ce8737901d3fe21029f,肺炎球菌,[ERR],C
473,64ebfc9e488df239e83bc16146eb3464,呼吸障害,呼吸不全,A
474,336f612f0b975d992b26d200826cb1db,脂肪肝,脂肪肝,S
475,4aea5a2b261651038c400c7d25db0f04,慢性閉塞性肺疾患,慢性閉塞性肺疾患,S
476,9e308e24abb8a98a2553434ecce07ff3,関節破壊,破壊性関節炎,A
477,e84b35157f6a764c0f95838e64e3d2a7,かゆみ,そう痒,B
478,5bd22ff09a8bb9696299e1b82ce700cd,ＩｇＡ腎症,ＩｇＡ腎症,S
479,3548caee97580c51124fe02aba798ddb,敗血症性ショック,敗血症性ショック,S
480,6a9532468bd0cfb034d2fb40e1da16b7,腸閉塞,イレウス,A
481,59ee894c4737a53bfbc9547570fd6180,冠動脈病変,冠動脈疾患,A
482,4649cf7fdf34150b80c841b8b9e9810a,高齢,[ERR],C
483,cf249ffa640d38624e09e85356122171,高信号,-1,C
484,63b2dc900c863fbd8bea1d0493e3747f,器質的疾患,-1,B
485,5e760c3b3ab5ab1356509de5175dc3db,精神,[ERR],C
486,e3c554107bdd844d603ea92f85dac857,低栄養,低栄養,B
487,fd3b94f5162862e7131ef49441050cac,皮膚疾患,-1,B
488,76cc43e01d6f2c1540485eeddfb881f8,慢性肝疾患,肝障害,A
489,c83231fed25528d7130635a291e639c2,色素沈着,-1,A
490,81d2b309cd14ae455a429ba06f7dea89,Ａｌｚｈｅｉｍｅｒ病,アルツハイマー病,C
491,5f89901b9f20da880b6e86247807ba10,ベーチェット病,ベーチェット病,S
492,c8f2464575102ccf1be4973958b14ca5,ぜん息発作,気管支喘息発作,C
493,5748d735f841b6bd33c5c9ced54e3968,肺水腫,肺水腫,S
494,f0dfb35c4396b89455342049f75167a4,沈着,-1,B
495,dc1aeddeda9d99b9ee3ba6ba6eceed59,甲状腺癌,甲状腺癌,S
496,7277c8dd4d13253f44c1eba989c349d5,肝性脳症,肝性脳症,S
497,a2902ec4af78b788e3c1a573ca47716e,膵癌,膵癌,S
498,8de197a1acf5bc2e5f057384eeb19a83,血栓形成,-1,A
100120,34585c844ef9e5633806dc645a2eba60,認知症」,[ERR],C
100300,5cc237869d77a8dae88837db86519945,‐１３Ｔ変異,[ERR],C
100340,3b7407040d29ba34eeea62668d903d0c,Ｃ型肝炎による,[ERR],C
100367,e3a8081005b8d32bf8fa0e5ef108568f,♪・息苦しさ,[ERR],C
100387,c5be619e0b557d820f5fa6a86f38367f,♪・急性肝炎,[ERR],C
100447,4c91db13bb156e60b326881ad2e8b659,♪・気胸,[ERR],C
100471,533921c4da8f89a7f198a4bdcccf0b01,♪・大腿骨骨折,[ERR],C
